{
  "Ansi 3 Color" : {
    "Red Component" : 0.9270648956298828,
    "Color Space" : "Calibrated",
    "Blue Component" : 0.06017711758613586,
    "Alpha Component" : 1,
    "Green Component" : 0.7276122570037842
  },
  "Tags" : [

  ],
  "Ansi 12 Color" : {
    "Red Component" : 0.06165435537695885,
    "Color Space" : "Calibrated",
    "Blue Component" : 0.838664710521698,
    "Alpha Component" : 1,
    "Green Component" : 0.5044888257980347
  },
  "Ansi 7 Color" : {
    "Red Component" : 0.8402875065803528,
    "Color Space" : "Calibrated",
    "Blue Component" : 0.8971381187438965,
    "Alpha Component" : 1,
    "Green Component" : 0.8579363226890564
  },
  "Ansi 8 Color" : {
    "Red Component" : 0.8402875065803528,
    "Color Space" : "Calibrated",
    "Blue Component" : 0.8971381187438965,
    "Alpha Component" : 1,
    "Green Component" : 0.8579363226890564
  },
  "Bold Color" : {
    "Red Component" : 0.8402875065803528,
    "Color Space" : "Calibrated",
    "Blue Component" : 0.8971381187438965,
    "Alpha Component" : 1,
    "Green Component" : 0.8579363226890564
  },
  "Ansi 9 Color" : {
    "Red Component" : 0.8716156482696533,
    "Color Space" : "Calibrated",
    "Blue Component" : 0.1818375289440155,
    "Alpha Component" : 1,
    "Green Component" : 0.206869900226593
  },
  "Ansi 4 Color" : {
    "Red Component" : 0.165672242641449,
    "Color Space" : "Calibrated",
    "Blue Component" : 0.8245406746864319,
    "Alpha Component" : 1,
    "Green Component" : 0.5180450081825256
  },
  "Ansi 5 Color" : {
    "Red Component" : 0.3077093362808228,
    "Color Space" : "Calibrated",
    "Blue Component" : 0.717879593372345,
    "Alpha Component" : 1,
    "Green Component" : 0.3521518707275391
  },
  "Rows" : 25,
  "Default Bookmark" : "No",
  "Cursor Guide Color" : {
    "Red Component" : 0.6499999761581421,
    "Color Space" : "Calibrated",
    "Blue Component" : 1,
    "Alpha Component" : 0.25,
    "Green Component" : 0.9100000262260437
  },
  "Non-ASCII Anti Aliased" : true,
  "Use Bright Bold" : true,
  "Ansi 10 Color" : {
    "Red Component" : 0.1145955845713615,
    "Color Space" : "Calibrated",
    "Blue Component" : 0.379891037940979,
    "Alpha Component" : 1,
    "Green Component" : 0.826959490776062
  },
  "Ambiguous Double Width" : false,
  "Jobs to Ignore" : [
    "rlogin",
    "ssh",
    "slogin",
    "telnet"
  ],
  "Ansi 15 Color" : {
    "Red Component" : 1,
    "Color Space" : "Calibrated",
    "Blue Component" : 1,
    "Alpha Component" : 1,
    "Green Component" : 1
  },
  "Foreground Color" : {
    "Red Component" : 0.8402875065803528,
    "Color Space" : "Calibrated",
    "Blue Component" : 0.8971381187438965,
    "Alpha Component" : 1,
    "Green Component" : 0.8579363226890564
  },
  "Bound Hosts" : [

  ],
  "Working Directory" : "\/Users\/g11m",
  "Blinking Cursor" : false,
  "Disable Window Resizing" : true,
  "Sync Title" : false,
  "Prompt Before Closing 2" : false,
  "BM Growl" : true,
  "Command" : "",
  "Description" : "Default",
  "Space" : -1,
  "Mouse Reporting" : true,
  "Screen" : 0,
  "Selection Color" : {
    "Red Component" : 0.1234394758939743,
    "Color Space" : "Calibrated",
    "Blue Component" : 0.123437874019146,
    "Alpha Component" : 1,
    "Green Component" : 0.1234357804059982
  },
  "Only The Default BG Color Uses Transparency" : false,
  "Columns" : 80,
  "Idle Code" : 0,
  "Ansi 13 Color" : {
    "Red Component" : 0.3247870206832886,
    "Color Space" : "Calibrated",
    "Blue Component" : 0.7269876003265381,
    "Alpha Component" : 1,
    "Green Component" : 0.3135044276714325
  },
  "Custom Command" : "No",
  "ASCII Anti Aliased" : true,
  "Non Ascii Font" : "KnackNerdFontC-Regular 12",
  "Vertical Spacing" : 1,
  "Use Bold Font" : true,
  "Option Key Sends" : 0,
  "Selected Text Color" : {
    "Red Component" : 0.8402875065803528,
    "Color Space" : "Calibrated",
    "Blue Component" : 0.8971381187438965,
    "Alpha Component" : 1,
    "Green Component" : 0.8579363226890564
  },
  "Background Color" : {
    "Red Component" : 0.07621997594833374,
    "Color Space" : "Calibrated",
    "Blue Component" : 0.07621898502111435,
    "Alpha Component" : 1,
    "Green Component" : 0.07621769607067108
  },
  "Character Encoding" : 4,
  "Ansi 11 Color" : {
    "Red Component" : 0.9512696266174316,
    "Color Space" : "Calibrated",
    "Blue Component" : 0.03537760302424431,
    "Alpha Component" : 1,
    "Green Component" : 0.7414408922195435
  },
  "Use Italic Font" : true,
  "Unlimited Scrollback" : false,
  "Keyboard Map" : {
    "0xf700-0x260000" : {
      "Text" : "[1;6A",
      "Action" : 10
    },
    "0x37-0x40000" : {
      "Text" : "0x1f",
      "Action" : 11
    },
    "0x32-0x40000" : {
      "Text" : "0x00",
      "Action" : 11
    },
    "0xf709-0x20000" : {
      "Text" : "[17;2~",
      "Action" : 10
    },
    "0xf70c-0x20000" : {
      "Text" : "[20;2~",
      "Action" : 10
    },
    "0xf729-0x20000" : {
      "Text" : "[1;2H",
      "Action" : 10
    },
    "0xf72b-0x40000" : {
      "Text" : "[1;5F",
      "Action" : 10
    },
    "0xf705-0x20000" : {
      "Text" : "[1;2Q",
      "Action" : 10
    },
    "0xf703-0x260000" : {
      "Text" : "[1;6C",
      "Action" : 10
    },
    "0xf700-0x220000" : {
      "Text" : "[1;2A",
      "Action" : 10
    },
    "0xf701-0x280000" : {
      "Text" : "0x1b 0x1b 0x5b 0x42",
      "Action" : 11
    },
    "0x38-0x40000" : {
      "Text" : "0x7f",
      "Action" : 11
    },
    "0x33-0x40000" : {
      "Text" : "0x1b",
      "Action" : 11
    },
    "0xf703-0x220000" : {
      "Text" : "[1;2C",
      "Action" : 10
    },
    "0xf701-0x240000" : {
      "Text" : "[1;5B",
      "Action" : 10
    },
    "0xf70d-0x20000" : {
      "Text" : "[21;2~",
      "Action" : 10
    },
    "0xf702-0x260000" : {
      "Text" : "[1;6D",
      "Action" : 10
    },
    "0xf729-0x40000" : {
      "Text" : "[1;5H",
      "Action" : 10
    },
    "0xf706-0x20000" : {
      "Text" : "[1;2R",
      "Action" : 10
    },
    "0x34-0x40000" : {
      "Text" : "0x1c",
      "Action" : 11
    },
    "0xf700-0x280000" : {
      "Text" : "0x1b 0x1b 0x5b 0x41",
      "Action" : 11
    },
    "0x2d-0x40000" : {
      "Text" : "0x1f",
      "Action" : 11
    },
    "0xf70e-0x20000" : {
      "Text" : "[23;2~",
      "Action" : 10
    },
    "0xf702-0x220000" : {
      "Text" : "[1;2D",
      "Action" : 10
    },
    "0xf703-0x280000" : {
      "Text" : "0x1b 0x1b 0x5b 0x43",
      "Action" : 11
    },
    "0xf700-0x240000" : {
      "Text" : "[1;5A",
      "Action" : 10
    },
    "0xf707-0x20000" : {
      "Text" : "[1;2S",
      "Action" : 10
    },
    "0xf70a-0x20000" : {
      "Text" : "[18;2~",
      "Action" : 10
    },
    "0x35-0x40000" : {
      "Text" : "0x1d",
      "Action" : 11
    },
    "0xf70f-0x20000" : {
      "Text" : "[24;2~",
      "Action" : 10
    },
    "0xf703-0x240000" : {
      "Text" : "[1;5C",
      "Action" : 10
    },
    "0xf701-0x260000" : {
      "Text" : "[1;6B",
      "Action" : 10
    },
    "0xf702-0x280000" : {
      "Text" : "0x1b 0x1b 0x5b 0x44",
      "Action" : 11
    },
    "0xf72b-0x20000" : {
      "Text" : "[1;2F",
      "Action" : 10
    },
    "0x36-0x40000" : {
      "Text" : "0x1e",
      "Action" : 11
    },
    "0xf708-0x20000" : {
      "Text" : "[15;2~",
      "Action" : 10
    },
    "0xf701-0x220000" : {
      "Text" : "[1;2B",
      "Action" : 10
    },
    "0xf70b-0x20000" : {
      "Text" : "[19;2~",
      "Action" : 10
    },
    "0xf702-0x240000" : {
      "Text" : "[1;5D",
      "Action" : 10
    },
    "0xf704-0x20000" : {
      "Text" : "[1;2P",
      "Action" : 10
    }
  },
  "Blink Allowed" : true,
  "Blur Radius" : 0.1,
  "Cursor Type" : 2,
  "Background Image Location" : "",
  "Blur" : false,
  "Badge Color" : {
    "Red Component" : 1,
    "Color Space" : "Calibrated",
    "Blue Component" : 0,
    "Alpha Component" : 0.5,
    "Green Component" : 0
  },
  "Window Type" : 2,